<document page-count="2">
<page number="1">
<table data-filename="Circolari_1419_2015-2016.140 Avvio Sportelli didattici - Integrazione (1).pdf" data-page="1" data-table="1">
<tr><td>ciao</td><td colspan="9">ISTITUTO D’ISTRUZIONE SUPERIORE “JEAN MONNET”</td></tr><tr><td></td><td colspan="4">ISTRUZIONE TECNICA E LICEALE</td><td colspan="5"></td></tr><tr><td></td><td colspan="4">Via S. Caterina 3 • 22066 MARIANO COMENSE • CO</td><td colspan="5"></td></tr><tr><td></td><td colspan="4">Tel. 031747525 - 031743769 • Fax 031744057 •• COIS00200B</td><td colspan="5">• c.f.: 90002390137</td></tr><tr><td></td><td>Web: www.ismonnet.it</td><td colspan="8">• E-mail: info@ismonnet.it • PEC: cois00200b@pec.istruzione.it</td></tr><tr><td>Circ.140</td><td></td><td></td><td colspan="2"></td><td colspan="5"></td></tr><tr><td></td><td></td><td></td><td colspan="7">Mariano Comense, 18 gennaio 2017</td></tr><tr><td></td><td></td><td></td><td colspan="7">Agli Studenti e allo loro famiglie</td></tr><tr><td></td><td></td><td></td><td colspan="7">Ai Docenti coinvolti</td></tr><tr><td></td><td></td><td></td><td colspan="7">A tutti i Consigli di classe</td></tr><tr><td></td><td></td><td></td><td colspan="7">p.c. Al personale ATA</td></tr><tr><td></td><td></td><td></td><td colspan="7">p.c. Ai Collaboratori del DS</td></tr><tr><td></td><td></td><td></td><td colspan="7">p.c. Al personale ATA</td></tr><tr><td></td><td></td><td></td><td colspan="2">p.c. Alla DSGA</td><td colspan="5"></td></tr><tr><td></td><td></td><td></td><td colspan="2">SITO</td><td colspan="5"></td></tr><tr><td colspan="3">Oggetto: Avvio sportelli didattici – Integrazione.</td><td colspan="2"></td><td colspan="5"></td></tr><tr><td colspan="10">Richiamando la circolare n.136 già pubblicata, relativa all’avvio degli sportelli didattici, si integra la</td></tr><tr><td colspan="3">tabella dei docenti a disposizione per il servizio:</td><td colspan="2"></td><td colspan="5"></td></tr><tr><td>DISCIPLINA</td><td colspan="2">DOCENTE</td><td colspan="3">GIORNO</td><td colspan="4">ORA</td></tr><tr><td></td><td colspan="2">BALMA L.</td><td colspan="3">Lunedì</td><td style="text-align: right" colspan="4">14.00-16.00</td></tr><tr><td>MATEMATICA</td><td colspan="2">balma.laura@ismonnet.eu</td><td colspan="3">Martedì</td><td style="text-align: right" colspan="4">13.30-14.30</td></tr><tr><td></td><td colspan="2">BALMA L.</td><td colspan="3"></td><td colspan="4"></td></tr><tr><td>FISICA</td><td colspan="2">balma.laura@ismonnet.eu</td><td colspan="3">Martedì</td><td style="text-align: right" colspan="4">14.30-1530</td></tr><tr><td></td><td colspan="2">DELL’ORTO V.</td><td colspan="3"></td><td colspan="4"></td></tr><tr><td>ITALIANO</td><td colspan="2">dellorto.valentina@ismonnet.eu</td><td colspan="3">Martedì</td><td style="text-align: right" colspan="4">14.00-16.00</td></tr><tr><td></td><td colspan="2">PREZZAVENTO R.</td><td colspan="3">Martedì</td><td colspan="4">14.00–16.00</td></tr><tr><td>INGLESE</td><td colspan="2">prezzavento.roberta@ismonnet.eu</td><td colspan="3">Mercoledì</td><td style="text-align: right" colspan="4">14.00-16.00</td></tr><tr><td>DIRITTO</td><td colspan="2">RONZONI D.</td><td colspan="3"></td><td colspan="4"></td></tr><tr><td>biennio</td><td colspan="2">ronzoni.davide@ismonnet.eu</td><td colspan="3">Venerdì</td><td style="text-align: right" colspan="4">14.00-16.00</td></tr><tr><td colspan="10">N.B. Gli orari degli incontri potrebbero anche essere modificati in accordo con il docente/studente.</td></tr><tr><td colspan="2">Le aule destinate agli sportelli sono ubicate:</td><td></td><td></td><td></td><td></td><td></td><td></td><td></td><td></td></tr><tr><td colspan="2">EDIFICIO LOTTO 1 – aule piano terra</td><td></td><td></td><td></td><td></td><td></td><td></td><td></td><td></td></tr><tr><td colspan="2">EDIFICIO LOTTO 2 – aule primo piano</td><td></td><td></td><td></td><td></td><td></td><td></td><td></td><td></td></tr><tr><td colspan="2">Per eventuali chiarimenti ulteriori, rivolgersi</td><td>ai</td><td>Collaboratori</td><td>del</td><td>dirigente</td><td>Prof.</td><td>Ricucci</td><td>e</td><td>Prof.ssa</td></tr><tr><td colspan="2">Caldirola.</td><td></td><td></td><td></td><td></td><td></td><td></td><td></td><td></td></tr><tr><td colspan="2">Si ricorda che il servizio di Sportello:</td><td></td><td></td><td></td><td></td><td></td><td></td><td></td><td></td></tr><tr><td colspan="7">  si attua per le discipline di indirizzo, come da tabella riportata di seguito;</td><td></td><td></td><td></td></tr></table></page>
<page number="2">
<table data-filename="Circolari_1419_2015-2016.140 Avvio Sportelli didattici - Integrazione (1).pdf" data-page="2" data-table="1"><tr><td></td><td></td><td colspan="2">ISTITUTO D’ISTRUZIONE SUPERIORE “JEAN MONNET”</td></tr><tr><td></td><td></td><td>ISTRUZIONE TECNICA E LICEALE</td><td></td></tr><tr><td></td><td></td><td>Via S. Caterina 3 • 22066 MARIANO COMENSE • CO</td><td></td></tr><tr><td></td><td></td><td>Tel. 031747525 - 031743769 • Fax 031744057 •• COIS00200B</td><td>• c.f.: 90002390137</td></tr><tr><td></td><td></td><td colspan="2">Web: www.ismonnet.it • E-mail: info@ismonnet.it • PEC: cois00200b@pec.istruzione.it</td></tr><tr><td></td><td></td><td colspan="2">l’intervento è rivolto preferibilmente a piccoli gruppi di alunni della stessa classe (massimo 5</td></tr><tr><td></td><td></td><td colspan="2">e per lo stesso argomento), ma può essere organizzato per piccoli gruppi di studenti di classi</td></tr><tr><td></td><td></td><td>parallele;</td><td></td></tr><tr><td></td><td></td><td colspan="2">è organizzato nei giorni e nelle fasce orarie indicate in tabella (escluso sabato);</td></tr><tr><td></td><td></td><td colspan="2">gli interventi di guida, tutoraggio ed assistenza sono rivolti agli alunni che rivelano difficoltà e</td></tr><tr><td></td><td></td><td colspan="2">incertezze sul piano dell'apprendimento, per risolvere problemi e dubbi;</td></tr><tr><td></td><td></td><td colspan="2">è richiesto dagli studenti che prenotano l'intervento del docente nell'ambito della disponibilità</td></tr><tr><td></td><td></td><td>data dai docenti stessi.</td><td></td></tr><tr><td></td><td colspan="3">Successivamente si attiveranno altri sportelli e si darà avvio anche ai corsi di recupero disciplinari.</td></tr><tr><td></td><td></td><td colspan="2">Il Dirigente scolastico</td></tr><tr><td></td><td></td><td colspan="2">Dott. Leonarda Spagnolo</td></tr><tr><td></td><td></td><td colspan="2">Firma autografa sostituita a mezzo stampa</td></tr><tr><td></td><td></td><td colspan="2">ai sensi dell'art. 3, comma 2, del D.Lgs. 39/93</td></tr></table></page>
</document>
